[
  {
    "id": 1,
    "titulo": "1984",
    "autor": "George Orwell",
    "ano": 1949,
    "genero": "Distopia"
  },
  {
    "id": 2,
    "titulo": "Ensaio sobre a Cegueira",
    "autor": "Jos\u00c3\u00a9 Saramago",
    "ano": 1995,
    "genero": "Fic\u00c3\u00a7\u00c3\u00a3o"
  },
  {
    "id": 3,
    "titulo": "Novo Livro REST",
    "autor": "Autor X",
    "ano": 2024,
    "estado": "disponivel"
  },
  {
    "id": 3,
    "titulo": "Novo Livro REST",
    "autor": "Autor X",
    "ano": 2024,
    "estado": "emprestado"
  },
  {
    "id": 10,
    "titulo": "GraphQL com Flask",
    "autor": "Autor QL",
    "ano": 2025,
    "estado": "disponivel"
  },
  {
    "id": 1,
    "titulo": "231",
    "autor": "123",
    "ano": 123,
    "estado": "disponivel"
  }
]